Gaussian,Atom,01_lsw3_2R3S5R12R_1_DP4J,01_lsw3_2R3S5R12R_2_DP4J,01_lsw3_2R3S5R12R_3_DP4J,01_lsw3_2R3S5R12R_4_DP4J
152.1299,111.6205,123.0804,158.2256,156.4137,164.08,158.4465,59.5139,73.0801,165.8971,160.9868,111.6117,158.9965,44.4935,173.063,84.7283,276.7419,113.4791,248.3844,160.6393,165.96,268.5543,163.6884,30.2799,29.5927,28.0967,30.1444,29.6455,28.9049,29.8325,30.5156,29.6278,29.695,25.7863,29.4103,29.2473,30.2612,30.2578,27.6528,29.391,29.5729,30.4118,29.6214,30.2236,26.5809,26.3806,31.0132,30.6108,30.3734,30.4997,30.7492,30.6845,30.3401,29.7534,30.9918,30.2128,30.6353
Gaussian,01,C,D,E,F,G,H,I,J,K,L,M,N,O,P,Q,R,S,T,U,V,W,X,Y,Z,AA,AB,AC,AD,AE,AF,AG,AH,AI,AJ,AK,AL,AM,AN,AO,AP,AQ,AR,AS,AT,AU,AV,AW,AX,AY,AZ,BA,BB,BC,BD,BE,BF
156.20584856590682,114.04464347736538,119.98281859481197,155.28056171840956,153.87480997300224,159.78633446089705,153.816715909199,59.533247835182706,67.90054880363219,166.0166750945273,158.65434044658335,116.7496001406434,156.80629427633744,46.449963585096505,175.57269567516562,86.94314433386084,281.5885273749616,114.97565866868634,253.5163925421912,160.39926882025975,167.99943717988089,260.1571483070442,165.67176022541955,30.18149393927943,30.238763108485358,27.837308678263767,30.596418645383633,29.255499431143548,29.573257479685964,29.981546549878395,30.683395389976333,29.710086298039435,29.781063460219023,25.999483739918638,29.320556607973177,29.34216282128193,30.234952751394307,29.709149726736182,27.215287768028585,29.703355169314502,29.371759012548758,30.39854733707199,29.935605945707906,29.99659752815067,26.2905105073891,26.3630614180007,31.485039449115593,30.544364980012435,30.539554932434665,30.723878057726584,30.961233182805493,29.45306136240867,30.81796159580701,30.939751236923527,30.902761825107014,30.61534244958852,30.321284596126624
